model,train_rmse,test_rmse,test_mae,test_r2
RandomForest,311797.79581902054,960138.9822985962,377312.5797101449,0.7253908105633599
Ridge,1326607.078974706,1461356.173298437,864506.1337700723,0.36385075235878184
